sa1_main11, sa1_7dig11, sa2_5dig11, sa2_name11, sa3_code11, sa3_name11, sa4_code11, sa4_name11, gcc_code11, gcc_name11, ste_code11, ste_name11, Connectivity, Area, Connections, LUM_Residential, LUM_Parkland, LUM_Commercial, LUM_Industrial, LandUseMixMeasure, AverageDensity, Connectivity_ZScore, AverageDensity_ZScore, LandUseMixMeasure_ZScore, SumZScore
"20604112202","2112202","21122","Melbourne","20604","Melbourne City","206","Melbourne - Inner","2GMEL","Greater Melbourne","2","Victoria",235.2293112983612,263572.59500437067,62,0.0,3985.144340253688,255817.17249928458,0.0,0.05720127988380122,220.8141634417805,0.25152664626555843,0.5322533240665845,-1.5861273735952064,-0.8023474032630634
"20604112205","2112205","21122","Melbourne","20604","Melbourne City","206","Melbourne - Inner","2GMEL","Greater Melbourne","2","Victoria",228.92567469707788,240252.65000432057,55,0.0,0.0,200137.46085032378,0.0,0.0,270.6545468355455,0.15778301761272512,0.9347091074944225,-1.8295731287190609,-0.7370810036119133
"20604112201","2112201","21122","Melbourne","20604","Melbourne City","206","Melbourne - Inner","2GMEL","Greater Melbourne","2","Victoria",233.52338982905772,248369.1250048091,58,0.0,0.0,228878.6840991213,0.0,0.0,269.79702982782254,0.2261572795262504,0.9277847490596315,-1.8295731287190609,-0.675631100133179
"20604112206","2112206","21122","Melbourne","20604","Melbourne City","206","Melbourne - Inner","2GMEL","Greater Melbourne","2","Victoria",194.20305243092844,221417.73500338604,43,9941.028878437704,31547.949460877913,151791.9664262262,0.0,0.460404604339681,274.0855167061966,-0.35858948503246835,0.962413823493516,0.1298855895764004,0.7337099280374481
"20604112207","2112207","21122","Melbourne","20604","Melbourne City","206","Melbourne - Inner","2GMEL","Greater Melbourne","2","Victoria",251.96648984318512,345284.01000524184,87,0.0,48176.764759312835,292385.22206989554,0.0,0.29402815098077933,296.66343183564294,0.5004311992156308,1.144728081588194,-0.5782041840277171,1.0669550967761077
"20604112208","2112208","21122","Melbourne","20604","Melbourne City","206","Melbourne - Inner","2GMEL","Greater Melbourne","2","Victoria",302.64888027607475,231291.12500315998,70,0.0,13892.91875200055,191387.4773770416,0.0,0.17859857747420876,158.560101966659,1.2541471077455502,0.029558413303335772,-1.0694666128232901,0.21423890822559577
"20604112209","2112209","21122","Melbourne","20604","Melbourne City","206","Melbourne - Inner","2GMEL","Greater Melbourne","2","Victoria",314.6364315732057,298757.52000489255,94,0.0,3696.1198738515377,283269.2463813423,0.0,0.04966590868209585,148.98094697704815,1.4324182595163,-0.04779224219749654,-1.6181975324459212,-0.23357151512711782
"20604112210","2112210","21122","Melbourne","20604","Melbourne City","206","Melbourne - Inner","2GMEL","Greater Melbourne","2","Victoria",292.1367522275969,205383.26500342347,60,0.0,0.0,205383.2650032804,0.0,0.0,202.06308650501762,1.0978175014470337,0.380840376475884,-1.8295731287190609,-0.3509152507961433
"20604112211","2112211","21122","Melbourne","20604","Melbourne City","206","Melbourne - Inner","2GMEL","Greater Melbourne","2","Victoria",202.24119194365815,222506.60000330908,45,0.0,0.0,222506.60000333333,0.0,0.0,166.11737292792938,-0.23905144481809526,0.09058257078754575,-1.8295731287190609,-1.9780420027496104
"20604112212","2112212","21122","Melbourne","20604","Melbourne City","206","Melbourne - Inner","2GMEL","Greater Melbourne","2","Victoria",356.8185027469262,336305.4300048731,120,0.0,0.0,336116.9200450112,0.0,0.0,155.93928415107334,2.0597228879448486,0.008395588794944956,-1.8295731287190609,0.23854534802073268
"20604112213","2112213","21122","Melbourne","20604","Melbourne City","206","Melbourne - Inner","2GMEL","Greater Melbourne","2","Victoria",291.8388170191765,301536.3100043597,88,0.0,0.0,301536.3100043469,0.0,0.0,180.72681284884405,1.0933868006774046,0.20855224093155963,-1.8295731287190609,-0.5276340871100966
"20604112214","2112214","21122","Melbourne","20604","Melbourne City","206","Melbourne - Inner","2GMEL","Greater Melbourne","2","Victoria",264.00219843449315,185604.51500239444,49,0.0,460.1171079361811,170456.3502220512,0.0,0.013430445008806285,199.26703784502604,0.6794185152876894,0.3582625815767371,-1.7724138337966377,-0.7347327369322112
"20604111702","2111702","21117","Carlton","20604","Melbourne City","206","Melbourne - Inner","2GMEL","Greater Melbourne","2","Victoria",286.635051522971,188392.87000345252,54,128340.09304176235,2686.8668039268814,45444.36206638966,0.0,0.4650484358412583,113.88408171702535,1.0159997475954745,-0.331195688204109,0.1496495016578429,0.8344535610492085
"20604112215","2112215","21122","Melbourne","20604","Melbourne City","206","Melbourne - Inner","2GMEL","Greater Melbourne","2","Victoria",234.3103497594845,294481.230004681,69,2642.0466210052527,19597.183683254756,253138.93162014973,0.0,0.2236594998591743,191.35504552212615,0.23786044139119167,0.2943740869070501,-0.8776896054054564,-0.3454550771072147
"20604112216","2112216","21122","Melbourne","20604","Melbourne City","206","Melbourne - Inner","2GMEL","Greater Melbourne","2","Victoria",225.93320699163127,296547.82000452786,67,0.4855162960011512,13137.294686798854,283410.03980125114,0.0,0.13085430971513473,277.57649831942814,0.11328096283407993,0.9906031279173066,-1.2726638024850345,-0.16877971173364803
"20604112217","2112217","21122","Melbourne","20604","Melbourne City","206","Melbourne - Inner","2GMEL","Greater Melbourne","2","Victoria",186.77697714678368,224867.11500311506,42,6225.107020206633,35192.1654052583,183449.84257766776,0.0,0.40080565918059774,305.5948904627466,-0.46902529975616675,1.2168486579996105,-0.12376450773456969,0.624058850508874
"20604112218","2112218","21122","Melbourne","20604","Melbourne City","206","Melbourne - Inner","2GMEL","Greater Melbourne","2","Victoria",291.0000900662522,323023.9550049588,94,0.0,581.7707856192719,322442.1842193122,0.0,0.00950788778384762,160.7007053382186,1.0809137929535695,0.046843557362180634,-1.789108039023976,-0.6613506887082259
"20604112219","2112219","21122","Melbourne","20604","Melbourne City","206","Melbourne - Inner","2GMEL","Greater Melbourne","2","Victoria",205.34691421452766,219141.35000338074,45,0.0,0.0,218253.29185855103,0.0,0.0,394.57092497612547,-0.19286514099468752,1.935320652756856,-1.8295731287190609,-0.08711761695689235
"20604112220","2112220","21122","Melbourne","20604","Melbourne City","206","Melbourne - Inner","2GMEL","Greater Melbourne","2","Victoria",242.6493268778519,309088.02000408806,75,0.0,46282.522334189736,237917.87282245548,0.0,0.32054416380289863,325.39513241291826,0.36187234495961124,1.3767335012432913,-0.46535337409011146,1.2732524721127911
"20604112221","2112221","21122","Melbourne","20604","Melbourne City","206","Melbourne - Inner","2GMEL","Greater Melbourne","2","Victoria",289.61169205548714,307308.0350048449,89,0.0,3703.5221326813335,299740.28649559955,0.0,0.04753983282618991,389.1968092923239,1.060266430839295,1.8919252414361085,-1.6272460037955665,1.3249456684798369
"20604112222","2112222","21122","Melbourne","20604","Melbourne City","206","Melbourne - Inner","2GMEL","Greater Melbourne","2","Victoria",331.54316600354747,241295.88000358304,80,0.0,0.0,241295.8800036766,0.0,0.0,379.350844714571,1.6838443385271629,1.8124201269502114,-1.8295731287190609,1.6666913367583132
"20604112223","2112223","21122","Melbourne","20604","Melbourne City","206","Melbourne - Inner","2GMEL","Greater Melbourne","2","Victoria",334.8810570319305,220973.98000312748,74,0.0,0.0,220973.98000311197,0.0,0.0,395.73403900638647,1.7334833067672828,1.9447126745751144,-1.8295731287190609,1.8486228526233364
"20604112224","2112224","21122","Melbourne","20604","Melbourne City","206","Melbourne - Inner","2GMEL","Greater Melbourne","2","Victoria",275.02251869211057,305429.53500487184,84,0.0,18047.389990188065,287382.14501462254,0.0,0.16190807442187885,98.47883318455597,0.8433056292204725,-0.45559142806134145,-1.140500549952416,-0.7527863487932849
"20604111719","2111719","21117","Carlton","20604","Melbourne City","206","Melbourne - Inner","2GMEL","Greater Melbourne","2","Victoria",112.80448821824004,177297.91000253905,20,138501.98009205697,37363.17985288607,0.0,0.0,0.3730732673976275,182.6491975615639,-1.5690965715092788,0.22407529258015824,-0.24179216503018341,-1.5868134439593042
"20604112225","2112225","21122","Melbourne","20604","Melbourne City","206","Melbourne - Inner","2GMEL","Greater Melbourne","2","Victoria",278.081804392665,204975.65500370975,57,0.0,20286.20241905586,173414.5532914209,0.0,0.24190561648991188,163.96169363874952,0.8888013582409733,0.0731756903008564,-0.8000350555374955,0.1619419930043341
"20604112226","2112226","21122","Melbourne","20604","Melbourne City","206","Melbourne - Inner","2GMEL","Greater Melbourne","2","Victoria",340.38191907197694,255595.24500360736,87,0.0,0.0,247123.6849816618,0.0,0.0,307.94129323102237,1.815288588538697,1.2357956102508205,-1.8295731287190609,1.2215110700704568
"20604112227","2112227","21122","Melbourne","20604","Melbourne City","206","Melbourne - Inner","2GMEL","Greater Melbourne","2","Victoria",217.8611117678153,220323.8550033465,48,0.0,7471.917789362371,212851.93721398435,0.0,0.10682623605614945,304.00225013286166,-0.006762044873194884,1.2039882570950138,-1.374926069133019,-0.17769985691120005
"20604112228","2112228","21122","Melbourne","20604","Melbourne City","206","Melbourne - Inner","2GMEL","Greater Melbourne","2","Victoria",218.88810273531865,237564.30500418216,52,0.0,0.0,205889.79937836807,0.0,0.0,276.21535016272253,0.008510704172625675,0.9796120016364274,-1.8295731287190609,-0.8414504229100078
"20604112229","2112229","21122","Melbourne","20604","Melbourne City","206","Melbourne - Inner","2GMEL","Greater Melbourne","2","Victoria",217.8846282992517,229479.24500358946,50,0.0,22492.129275194126,198344.56739002958,0.0,0.2374157085688702,310.1472476761562,-0.0064123221449323255,1.2536084572630193,-0.81914387664246,0.4280522584756269
"20604112230","2112230","21122","Melbourne","20604","Melbourne City","206","Melbourne - Inner","2GMEL","Greater Melbourne","2","Victoria",221.80313751244475,261493.14500452357,58,0.0,90843.97858448325,170649.16642013576,0.0,0.465864479395962,56.571822051582934,0.051861226250844834,-0.7939860760998974,0.15312254176800041,-0.589002308081052
"20604112231","2112231","21122","Melbourne","20604","Melbourne City","206","Melbourne - Inner","2GMEL","Greater Melbourne","2","Victoria",263.96636385901917,246243.49500346044,65,0.0,8387.580611407757,237855.91439203688,0.0,0.1071855126381186,284.7500402779668,0.678885606532213,1.048528714606058,-1.3733970061649616,0.35401731497330946
"20604112232","2112232","21122","Melbourne","20604","Melbourne City","206","Melbourne - Inner","2GMEL","Greater Melbourne","2","Victoria",288.7530440374372,301295.5250048216,87,0.0,14451.436617049185,280395.32039437117,0.0,0.14109549905685334,400.07565930629517,1.0474971698493483,1.9797707957244102,-1.2290778184349276,1.7981901471388309
"20604112233","2112233","21122","Melbourne","20604","Melbourne City","206","Melbourne - Inner","2GMEL","Greater Melbourne","2","Victoria",246.12457386190107,320975.6700049236,79,300.5692186928354,106853.42739017631,192935.22551231796,0.0,0.47508084205971235,312.0502549407106,0.4135539826167153,1.2689750380831202,0.19234691529128226,1.8748759359911176
"20604112234","2112234","21122","Melbourne","20604","Melbourne City","206","Melbourne - Inner","2GMEL","Greater Melbourne","2","Victoria",250.15897330405767,275824.60500480793,69,0.0,73066.17483619186,199789.09615675948,0.0,0.4191331375304873,453.02588139779954,0.4735509759500128,2.4073381951593893,-0.04576368650349653,2.8351254846059053
"20604111720","2111720","21117","Carlton","20604","Melbourne City","206","Melbourne - Inner","2GMEL","Greater Melbourne","2","Victoria",229.23849199497482,305358.8400046467,70,206469.2091021124,12843.75635155984,86045.8745511355,0.0,0.5444671228922303,82.15660569361724,0.16243503524398636,-0.5873916752676042,0.4876514183867058,0.06269477836308801
"20604112235","2112235","21122","Melbourne","20604","Melbourne City","206","Melbourne - Inner","2GMEL","Greater Melbourne","2","Victoria",221.30319726722635,284677.31500474765,63,0.0,2270.9886712529697,245499.087846049,0.0,0.037605078377556146,313.920349452175,0.04442643651584987,1.2840758519301834,-1.6695278164338643,-0.34102552798783115
"20604112302","2112302","21123","North Melbourne","20604","Melbourne City","206","Melbourne - Inner","2GMEL","Greater Melbourne","2","Victoria",196.22442619004934,254810.2750040582,50,19417.76399532787,18682.4198907322,216710.09111773878,0.0,0.37906536001127245,61.48570516429457,-0.32852891475704443,-0.7543069937346002,-0.2162901218230353,-1.2991260303146799
"20604112303","2112303","21123","North Melbourne","20604","Melbourne City","206","Melbourne - Inner","2GMEL","Greater Melbourne","2","Victoria",201.7286207821555,242900.5850038233,49,3332.8679096503183,52096.47343802429,187471.24365624608,0.0,0.4248472012555416,60.707467522663016,-0.24667407341509806,-0.7605911797385755,-0.02144492018922041,-1.0287101733428938
"20604112304","2112304","21123","North Melbourne","20604","Melbourne City","206","Melbourne - Inner","2GMEL","Greater Melbourne","2","Victoria",148.6429517818569,242191.10000474367,36,26745.033885219447,468.3745206737658,203946.76005398968,11030.931544817984,0.3901218268407964,52.64618760550156,-1.0361299948649614,-0.825685155819389,-0.1692343580047584,-2.031049508689109
"20604112305","2112305","21123","North Melbourne","20604","Melbourne City","206","Melbourne - Inner","2GMEL","Greater Melbourne","2","Victoria",254.14800666714677,192801.04000254642,49,168661.0857667214,6049.089923673368,6004.042609689757,0.0,0.21008605400390296,82.45436834802881,0.5328733141376325,-0.5849872735716944,-0.9354575047003995,-0.9875714641344614
"20604112306","2112306","21123","North Melbourne","20604","Melbourne City","206","Melbourne - Inner","2GMEL","Greater Melbourne","2","Victoria",224.67770488338869,222540.9950041585,50,174813.16939232813,24404.68512750906,0.0,0.0,0.2682558490943867,76.39056799628469,0.0946099430954134,-0.6339518150727229,-0.6878897978244386,-1.227231669801748
"20604112307","2112307","21123","North Melbourne","20604","Melbourne City","206","Melbourne - Inner","2GMEL","Greater Melbourne","2","Victoria",210.43525823475002,190082.2150030495,40,122405.164144693,29076.450131211554,13339.852294560835,859.6756501432974,0.5476365951919948,76.03504529012906,-0.11719456185748282,-0.6368226230298333,0.5011405322479293,-0.25287665263938675
"20604112308","2112308","21123","North Melbourne","20604","Melbourne City","206","Melbourne - Inner","2GMEL","Greater Melbourne","2","Victoria",185.49249113028392,247988.47500350344,46,72955.34447329048,5119.423254267313,148739.47158810016,21174.235687809785,0.6901502025566001,56.92496355885566,-0.488127349534226,-0.7911344960699548,1.107671239791169,-0.1715906058130119
"20604112309","2112309","21123","North Melbourne","20604","Melbourne City","206","Melbourne - Inner","2GMEL","Greater Melbourne","2","Victoria",277.90602229744616,280670.42000448506,78,165794.73978227397,7224.383594519983,99001.5638489701,0.0,0.552551833997513,84.186712241656,0.8861872399945857,-0.570998781280855,0.5220595400927572,0.8372479988064879
"20604112310","2112310","21123","North Melbourne","20604","Melbourne City","206","Melbourne - Inner","2GMEL","Greater Melbourne","2","Victoria",234.2793435572242,273178.16000439494,64,224562.43201905265,9133.844632376298,26779.982824651077,0.0,0.3457229248448886,91.84855683900663,0.23739933709624667,-0.5091302028317806,-0.35819384011810695,-0.6299247058536408
"20604111721","2111721","21117","Carlton","20604","Melbourne City","206","Melbourne - Inner","2GMEL","Greater Melbourne","2","Victoria",130.65565030286686,153074.13000232994,20,125619.3581707376,18433.62834426874,4777.079592202292,0.0,0.36946021022572084,187.740955919608,-1.3036255719370466,0.265190698591827,-0.2571691536798649,-1.2956040270250848
"20604112311","2112311","21123","North Melbourne","20604","Melbourne City","206","Melbourne - Inner","2GMEL","Greater Melbourne","2","Victoria",200.86017969918038,124464.69000197761,25,72557.51434881597,15567.677731104772,362.8950837417942,0.0,0.35418434885646355,69.08322735071992,-0.25958897056711827,-0.6929578118976341,-0.3221824473292487,-1.274729229794001
"20604112312","2112312","21123","North Melbourne","20604","Melbourne City","206","Melbourne - Inner","2GMEL","Greater Melbourne","2","Victoria",306.0917383920774,251558.57000416514,77,103958.86504054023,1989.8242771319347,108841.59915178023,0.0,0.5331166816897701,109.60836290939228,1.305347078991551,-0.3657216618277063,0.439344514500376,1.3789699316642205
"20604112313","2112313","21123","North Melbourne","20604","Melbourne City","206","Melbourne - Inner","2GMEL","Greater Melbourne","2","Victoria",193.3517869291681,191361.04500319134,37,15222.307691813796,2031.9511383606587,165599.6917948241,0.0,0.2501011437797665,318.8096721352897,-0.371248957989038,1.3235566114443764,-0.765155305752704,0.18715234770263445
"20604112314","2112314","21123","North Melbourne","20604","Melbourne City","206","Melbourne - Inner","2GMEL","Greater Melbourne","2","Victoria",225.6479848534592,310217.7050039226,70,14534.934517870992,0.0,288292.85478472547,0.0,0.13891409860340093,88.05726146042007,0.10903932266736645,-0.5397445089004269,-1.238361748474553,-1.6690669347076135
"20604112315","2112315","21123","North Melbourne","20604","Melbourne City","206","Melbourne - Inner","2GMEL","Greater Melbourne","2","Victoria",204.361091703209,269131.4650044823,55,0.0,83714.91597618617,183774.29555477906,0.0,0.44828355137306797,126.99035424685168,-0.20752565924217728,-0.22536393452081235,0.07829900098349399,-0.3545905927794957
"20604112316","2112316","21123","North Melbourne","20604","Melbourne City","206","Melbourne - Inner","2GMEL","Greater Melbourne","2","Victoria",161.84378784457041,302761.0800054805,49,69568.02559238134,0.0,220223.31849938195,2944.007401171802,0.43415875936221293,52.89148665380701,-0.8398156525188292,-0.8237043921507005,0.01818460032610991,-1.6453354443434196
"20604112317","2112317","21123","North Melbourne","20604","Melbourne City","206","Melbourne - Inner","2GMEL","Greater Melbourne","2","Victoria",84.51386883050604,47329.510000566486,4,0.0,8186.612244769931,11312.503815686898,27830.39394010715,0.6909238746935518,16.21330020847367,-1.9898164648011063,-1.1198768381759767,1.110963949289647,-1.998729353687436
"20604112318","2112318","21123","North Melbourne","20604","Melbourne City","206","Melbourne - Inner","2GMEL","Greater Melbourne","2","Victoria",184.0596541187068,206454.80500301503,38,75911.09413173457,1332.2937540060375,126263.0813086989,40.256883033551276,0.5039809486493587,54.03521005830785,-0.5094355798827167,-0.8144689475686124,0.31534430776516553,-1.0085602196861636
"20604112319","2112319","21123","North Melbourne","20604","Melbourne City","206","Melbourne - Inner","2GMEL","Greater Melbourne","2","Victoria",284.3716354371594,288355.0600042894,82,157986.7168590394,372.11593862168957,110312.26454097721,0.0,0.4954490325094427,79.66143878330477,0.9823396795338134,-0.6075398821090195,0.2790329040421266,0.6538327014669205
"20604112320","2112320","21123","North Melbourne","20604","Melbourne City","206","Melbourne - Inner","2GMEL","Greater Melbourne","2","Victoria",189.16670646718052,95154.16500166699,18,39942.867521226995,13296.258942326298,514.4157222453505,39476.958140646595,0.7454989053650006,98.92544266500938,-0.43348678252208933,-0.45198510411069814,1.3432325205472782,0.4577606339144906
"20604111722","2111722","21117","Carlton","20604","Melbourne City","206","Melbourne - Inner","2GMEL","Greater Melbourne","2","Victoria",218.9171659134095,219261.01500412225,48,153483.35861952556,4636.585344392075,41703.4685916955,0.0,0.4450603990497254,142.93427640448996,0.00894291306199343,-0.09661846255745848,0.06458142765595122,-0.02309412183951383
"20604112321","2112321","21123","North Melbourne","20604","Melbourne City","206","Melbourne - Inner","2GMEL","Greater Melbourne","2","Victoria",168.3019170168719,190134.4950027638,32,78803.19887891017,19724.171398096223,42475.48625017218,43815.305491935535,0.924357643776386,79.70625796217502,-0.7437745097288074,-0.6071779720169099,2.1044462682380947,0.7534937864923772
"20604112322","2112322","21123","North Melbourne","20604","Melbourne City","206","Melbourne - Inner","2GMEL","Greater Melbourne","2","Victoria",224.3946791678,231734.55000292114,52,152934.8176700211,28204.12222097724,19221.041050585267,16874.571475116536,0.667378634082728,77.954910935489,0.09040096671248772,-0.6213199125816591,1.0107565956828954,0.4798376498137241
"20604112323","2112323","21123","North Melbourne","20604","Melbourne City","206","Melbourne - Inner","2GMEL","Greater Melbourne","2","Victoria",220.20725591961926,222517.64500387822,49,146813.65133122023,42852.02622488793,5598.799281598425,0.0,0.468223107508162,77.22468315523024,0.028128301770193796,-0.627216424072411,0.16316074376273387,-0.4359273785394833
"20604112324","2112324","21123","North Melbourne","20604","Melbourne City","206","Melbourne - Inner","2GMEL","Greater Melbourne","2","Victoria",108.28165140161926,175468.32500299189,19,13233.990536913418,32269.54669262543,16071.26572170249,113893.52205175594,0.7255474530780743,99.72951096264525,-1.6363572912830588,-0.44549233831277263,1.258320148347302,-0.8235294812485294
"20604112325","2112325","21123","North Melbourne","20604","Melbourne City","206","Melbourne - Inner","2GMEL","Greater Melbourne","2","Victoria",225.3067808925231,204166.0700036504,46,160188.7308999414,23704.33115066844,20273.007953085165,0.0,0.4830656500905069,81.56034936357742,0.10396515684341052,-0.592206381577829,0.22632985456335047,-0.261911370171068
"20604112328","2112328","21123","North Melbourne","20604","Melbourne City","206","Melbourne - Inner","2GMEL","Greater Melbourne","2","Victoria",264.4808470698742,302479.3700046813,80,29668.57072518865,0.0,270324.97451085167,0.0,0.23274527113395402,79.08254184934073,0.6865366698972382,-0.6122144131462671,-0.8390210222310132,-0.7646987654800421
"20604112329","2112329","21123","North Melbourne","20604","Melbourne City","206","Melbourne - Inner","2GMEL","Greater Melbourne","2","Victoria",240.72463893349925,290788.68000436656,70,57614.44516465568,4631.299389124615,226751.56569980067,0.0,0.4169797883578921,59.14110934569281,0.33324962392723956,-0.7732393550597951,-0.054928231710049104,-0.4949179628426047
"20604112330","2112330","21123","North Melbourne","20604","Melbourne City","206","Melbourne - Inner","2GMEL","Greater Melbourne","2","Victoria",285.3328347903624,339953.86500564194,97,104692.8543299232,0.0,216736.01189419001,0.0,0.4552419835724435,64.78057752262909,0.9966340180129166,-0.7277012506408556,0.107913736609975,0.37684650398203606
"20604112331","2112331","21123","North Melbourne","20604","Melbourne City","206","Melbourne - Inner","2GMEL","Greater Melbourne","2","Victoria",292.3348046565975,294183.2400046353,86,57723.00942802621,0.0,234236.37113509508,0.0,0.3586612241295655,93.37807983143556,1.100762809771794,-0.4967794676994766,-0.30312909251499287,0.30085424955732465
"20604112332","2112332","21123","North Melbourne","20604","Melbourne City","206","Melbourne - Inner","2GMEL","Greater Melbourne","2","Victoria",180.90784531454423,243217.7550039207,44,59285.590156058744,16204.874153112993,160268.64105235957,4391.413499486134,0.6278094369107322,72.76055700073078,-0.5563072529836047,-0.6632637669396516,0.8423520931132046,-0.37721892681005176
"20604111723","2111723","21117","Carlton","20604","Melbourne City","206","Melbourne - Inner","2GMEL","Greater Melbourne","2","Victoria",190.0468965114208,184165.07000363822,35,141891.34950086914,8349.649786447113,24795.710803005048,0.0,0.42716587572898923,153.06837352192477,-0.4203971623757781,-0.01478670852562172,-0.011576758860985562,-0.4467606297623854
"20604112333","2112333","21123","North Melbourne","20604","Melbourne City","206","Melbourne - Inner","2GMEL","Greater Melbourne","2","Victoria",145.76529483270548,212670.6500033402,31,0.0,8358.368186683005,201829.5879839476,1824.123303073924,0.15526609757404386,156.23141307596262,-1.0789246579292278,0.010754498725460386,-1.1687684676025285,-2.236938626806296
"20604112334","2112334","21123","North Melbourne","20604","Melbourne City","206","Melbourne - Inner","2GMEL","Greater Melbourne","2","Victoria",132.06702771220387,227157.38000384936,30,26840.867206328,10552.617541876942,189763.89525583267,0.0,0.39327398569534144,57.94287658634161,-1.2826364749889532,-0.7829149568721583,-0.15581892929103167,-2.221370361152143
"20604112335","2112335","21123","North Melbourne","20604","Melbourne City","206","Melbourne - Inner","2GMEL","Greater Melbourne","2","Victoria",261.94467013259396,183244.8050029147,48,163979.62580029818,7176.591290008975,2707.2919549047874,0.0,0.1814786700761351,90.60442885523825,0.6488202779088619,-0.5191764036893494,-1.057209084325206,-0.9275652101056935
"20604112336","2112336","21123","North Melbourne","20604","Melbourne City","206","Melbourne - Inner","2GMEL","Greater Melbourne","2","Victoria",256.51013770071285,265096.7350044467,68,24296.78679980412,1034.9177646839526,213255.47790744193,0.0,0.25720281633294717,85.06828331709892,0.5680014074028551,-0.5638801888131437,-0.7349309464225726,-0.7308097278328612
"20604112337","2112337","21123","North Melbourne","20604","Melbourne City","206","Melbourne - Inner","2GMEL","Greater Melbourne","2","Victoria",231.63385209017514,224492.23000339512,52,159664.277072555,16416.33895251485,9136.885897036525,30931.43542027523,0.5997752100513081,90.74187198197507,0.1980572897388852,-0.5180665650909859,0.7230398409927994,0.40303056564069867
"20604112338","2112338","21123","North Melbourne","20604","Melbourne City","206","Melbourne - Inner","2GMEL","Greater Melbourne","2","Victoria",256.19704123055664,222485.00500325684,57,185884.09297084162,14441.375468820654,13487.65979962959,496.93380120699294,0.35584828398095036,87.96283765772074,0.5633452381013345,-0.5405069710426091,-0.3151008235669715,-0.2922625565082461
"20604112401","2112401","21124","Parkville","20604","Melbourne City","206","Melbourne - Inner","2GMEL","Greater Melbourne","2","Victoria",50.81413991435169,59038.68500099704,3,0.0,4176.291312383255,13755.639198247674,0.0,0.3915135982530924,3.8003280764885843,-2.490977155532226,-1.2201102650454603,-0.16331104924113496,-3.8743984698188214
"20604112402","2112402","21124","Parkville","20604","Melbourne City","206","Melbourne - Inner","2GMEL","Greater Melbourne","2","Victoria",90.63374285028162,165501.2750028274,15,68860.64993702617,62890.629806656034,22244.348141944443,0.0,0.7250272489599106,113.11254967889865,-1.8988056350532168,-0.3374257271745316,1.256106185921598,-0.9801251763061503
"20604112411","2112411","21124","Parkville","20604","Melbourne City","206","Melbourne - Inner","2GMEL","Greater Melbourne","2","Victoria",278.1229850527089,204945.30500309984,57,25465.776944197565,5611.824835070527,102040.1092027572,0.0,0.4715285338321615,109.74331516598753,0.8894137705272475,-0.36463193674023464,0.1772284710773495,0.7020103048643623
"20604112403","2112403","21124","Parkville","20604","Melbourne City","206","Melbourne - Inner","2GMEL","Greater Melbourne","2","Victoria",245.85450882933773,146428.06500241876,36,0.0,146428.0650024459,0.0,0.0,0.0,0.07136371407962044,0.4095377491746449,-1.2502212548023237,-1.8295731287190609,-2.6702566343467398
"20604111806","2111806","21118","Docklands","20604","Melbourne City","206","Melbourne - Inner","2GMEL","Greater Melbourne","2","Victoria",156.39943476950114,159847.12500300643,25,50507.93805787107,0.0,107450.28979853666,1888.8971465841169,0.493020868869496,169.23027340798325,-0.9207805693130968,0.11571891036052137,0.2686987623569766,-0.5363628965955989
"20604112404","2112404","21124","Parkville","20604","Melbourne City","206","Melbourne - Inner","2GMEL","Greater Melbourne","2","Victoria",87.18013879338619,183528.04000369197,16,81335.67836781344,75225.78515474219,15462.580417048943,0.0,0.6726017223989469,116.01208146979238,-1.9501654130197341,-0.31401231702359683,1.0329857954805832,-1.2311919345627476
"20604112405","2112405","21124","Parkville","20604","Melbourne City","206","Melbourne - Inner","2GMEL","Greater Melbourne","2","Victoria",93.52172018411902,181775.9550030901,17,70587.22840412051,96161.1937727883,13622.758859101974,0.0,0.6474708714165969,121.19851787189724,-1.8558574938665982,-0.2721323958978519,0.9260301643001032,-1.2019597254643468
"20604112406","2112406","21124","Parkville","20604","Melbourne City","206","Melbourne - Inner","2GMEL","Greater Melbourne","2","Victoria",182.86280869850643,196868.90000336105,36,63363.013543289664,79385.88627998832,39704.960415792055,2058.4661879846826,0.8011664972765273,44.016434149813605,-0.5272342950883593,-0.8953694951303195,1.5801509772034548,0.157547186984776
"20604112407","2112407","21124","Parkville","20604","Melbourne City","206","Melbourne - Inner","2GMEL","Greater Melbourne","2","Victoria",150.31748663412347,139704.30500288052,21,13208.311573751142,0.0,0.0,0.0,0.0,90.15667514927804,-1.0112273897044506,-0.5227919671389972,-1.8295731287190609,-3.363592485562509
"20604112408","2112408","21124","Parkville","20604","Melbourne City","206","Melbourne - Inner","2GMEL","Greater Melbourne","2","Victoria",162.924337069995,196410.1900028126,32,610.8290533728432,3368.2185692817584,10434.81175575171,0.0,0.5103899218018917,25.731170242297864,-0.8237464195131246,-1.0430210521607701,0.34262057346859676,-1.524146898205298
"20604112409","2112409","21124","Parkville","20604","Melbourne City","206","Melbourne - Inner","2GMEL","Greater Melbourne","2","Victoria",131.6784425573051,106319.60500221854,14,13971.451165238046,28545.12177641435,8759.947237878107,0.0,0.7085291905900772,49.2095678842765,-1.288415263451064,-0.8534354937596507,1.185891283631293,-0.9559594735794215
"20604112410","2112410","21124","Parkville","20604","Melbourne City","206","Melbourne - Inner","2GMEL","Greater Melbourne","2","Victoria",138.9630314543457,215884.75500303163,30,53948.139870459636,107313.79773574532,23246.24495409429,0.0,0.6749929108829295,57.51469980311518,-1.1800835432637513,-0.7863724387574313,1.043162572771391,-0.9232934092497918
"20604112412","2112412","21124","Parkville","20604","Melbourne City","206","Melbourne - Inner","2GMEL","Greater Melbourne","2","Victoria",224.28043009064507,236311.3000032127,53,143623.3576704021,31771.33173970299,0.0,0.0,0.3412843950703852,53.61654225309827,0.08870192792897648,-0.8178496454699595,-0.3770839984290521,-1.1062317159700352
"20604112413","2112413","21124","Parkville","20604","Melbourne City","206","Melbourne - Inner","2GMEL","Greater Melbourne","2","Victoria",184.88852659592538,146033.9400021755,27,68733.98555422953,34615.032282571075,3606.7003200684594,0.0,0.5507959734743096,67.47590520862373,-0.49710912158258,-0.705936766870905,0.5145866864812343,-0.6884592019722506
"20604112501","2112501","21125","South Yarra - West","20604","Melbourne City","206","Melbourne - Inner","2GMEL","Greater Melbourne","2","Victoria",122.4894052593607,146951.48500302178,18,17524.050553641282,127329.43554027076,67.66953329415992,0.0,0.2688781758593285,64.26609765927871,-1.4250687151998787,-0.7318556206991009,-0.6852412065773056,-2.8421655424762853
"20604111807","2111807","21118","Docklands","20604","Melbourne City","206","Melbourne - Inner","2GMEL","Greater Melbourne","2","Victoria",157.55786878656843,152324.98500288144,24,47530.86278872751,0.0,104794.12221412128,0.0,0.4477547931473088,169.23027340798325,-0.9035530837863046,0.11571891036052137,0.07604863270835441,-0.7117855407174288
"20604112502","2112502","21125","South Yarra - West","20604","Melbourne City","206","Melbourne - Inner","2GMEL","Greater Melbourne","2","Victoria",196.65799404713343,177973.95000180608,35,95832.12792705966,65877.43079929335,9698.556036219816,0.0,0.6168275196929053,78.6429179962137,-0.32208117248363666,-0.6157643289008465,0.7956136086731276,-0.1422318927113556
"20604112503","2112503","21125","South Yarra - West","20604","Melbourne City","206","Melbourne - Inner","2GMEL","Greater Melbourne","2","Victoria",235.61905309539765,161277.2800025409,38,107855.09486207421,49739.33185305586,3682.853287352249,0.0,0.5180433294519049,82.59907193455936,0.257322635565518,-0.5838188075343875,0.3751930894754595,0.04869691750658994
"20604112504","2112504","21125","South Yarra - West","20604","Melbourne City","206","Melbourne - Inner","2GMEL","Greater Melbourne","2","Victoria",151.2692789071783,138825.28000206838,21,91299.35220863402,43771.67922859575,1799.7805444656406,0.0,0.4989057309089635,91.90418445691364,-0.9970729472701068,-0.5086810157465185,0.29374443766193753,-1.2120095253546876
"20604112505","2112505","21125","South Yarra - West","20604","Melbourne City","206","Melbourne - Inner","2GMEL","Greater Melbourne","2","Victoria",102.48420198369413,165879.22500196472,17,50335.69543015442,179.40276693971828,67653.67501757413,0.0,0.4996566122785191,95.68749703368388,-1.7225732297552916,-0.4781311699516537,0.2969401508066649,-1.9037642489002804
"20604112506","2112506","21125","South Yarra - West","20604","Melbourne City","206","Melbourne - Inner","2GMEL","Greater Melbourne","2","Victoria",109.97476844811995,254603.85500342166,28,49726.86892298843,81870.69024496348,123006.29583536045,0.0,0.7467894798150837,110.23800187742711,-1.6111783436830927,-0.3606373942739208,1.3487251401561795,-0.6230905978008339
"20604112507","2112507","21125","South Yarra - West","20604","Melbourne City","206","Melbourne - Inner","2GMEL","Greater Melbourne","2","Victoria",126.47039973194312,134418.8050012642,17,6362.875827358373,29917.393589552754,92098.97144092096,0.0,0.5241393144190851,112.90733942322925,-1.3658659262207722,-0.3390827781157406,0.40113729328652004,-1.3038114110499928
"20604112508","2112508","21125","South Yarra - West","20604","Melbourne City","206","Melbourne - Inner","2GMEL","Greater Melbourne","2","Victoria",169.44800156639164,194750.01000274543,33,40881.46421861695,24186.17724860352,85987.23652597397,0.0,0.6980940975889464,134.86325487642756,-0.7267306775394556,-0.16179110110794065,1.1414800554103774,0.2529582767629812
"20604112509","2112509","21125","South Yarra - West","20604","Melbourne City","206","Melbourne - Inner","2GMEL","Greater Melbourne","2","Victoria",183.9198886204636,222923.14500367845,41,130878.72180922641,88361.56990715353,3682.853287352249,0.0,0.5390304626828823,86.35072855050271,-0.5115140824669423,-0.5535245802489972,0.46451326740992427,-0.6005253953060151
"20604112510","2112510","21125","South Yarra - West","20604","Melbourne City","206","Melbourne - Inner","2GMEL","Greater Melbourne","2","Victoria",156.04747878830958,185840.87500279793,29,163716.109101146,14846.510875169126,0.0,0.0,0.20658173648825873,78.88133999773122,-0.9260146322659404,-0.6138390966519476,-0.9503717028708385,-2.4902254317887262
"20604112511","2112511","21125","South Yarra - West","20604","Melbourne City","206","Melbourne - Inner","2GMEL","Greater Melbourne","2","Victoria",151.26825441749773,152047.76500243339,23,66206.44905191084,73710.71746947401,3575.6173388930038,0.0,0.57064348828606,71.14542877532841,-0.9970881828216221,-0.6763057552035711,0.5990567060418766,-1.0743372319833167
"20604111808","2111808","21118","Docklands","20604","Melbourne City","206","Melbourne - Inner","2GMEL","Greater Melbourne","2","Victoria",350.24065974256615,197007.39500295703,69,43301.63716980719,0.0,118701.6436791427,91.28889972748584,0.42198334325242115,133.7874574622574,1.9619014380516506,-0.1704780505583266,-0.033633355055598085,1.757790032437726
"20604112512","2112512","21125","South Yarra - West","20604","Melbourne City","206","Melbourne - Inner","2GMEL","Greater Melbourne","2","Victoria",169.7731858512342,159035.71500189125,27,138072.3474811518,823.4978461194964,12049.732708946365,0.0,0.2248909934554343,81.54252477532992,-0.7218947460335355,-0.5923503132280081,-0.8724484309233341,-2.186693490184878
"20604112513","2112513","21125","South Yarra - West","20604","Melbourne City","206","Melbourne - Inner","2GMEL","Greater Melbourne","2","Victoria",179.99381495988592,133337.91500196117,24,25709.83439765277,98665.02916899149,0.0,0.0,0.3675757792356118,55.451912270414084,-0.5699001244583122,-0.8030292282118691,-0.26518919669809476,-1.638118549368276
"20604112514","2112514","21125","South Yarra - West","20604","Melbourne City","206","Melbourne - Inner","2GMEL","Greater Melbourne","2","Victoria",119.57210722675502,150536.78000225447,18,100624.78294726943,41756.39222324128,4066.4823189096696,0.0,0.5158705139504147,84.69503312371562,-1.4684528949577267,-0.566894144340048,0.3659456965573355,-1.669401342740439
"20604112601","2112601","21126","Southbank","20604","Melbourne City","206","Melbourne - Inner","2GMEL","Greater Melbourne","2","Victoria",146.8126998361074,211153.3950033374,31,120573.48211671412,24833.625904551067,61064.800577295144,4681.486404734082,0.7321161028062791,247.1775532270917,-1.06334832447307,0.7451348865143606,1.286275989483643,0.9680625515249337
"20604112602","2112602","21126","Southbank","20604","Melbourne City","206","Melbourne - Inner","2GMEL","Greater Melbourne","2","Victoria",191.4820618081467,219341.69500473328,42,118766.17745539652,7782.236940909177,44496.30428001117,36058.90385759066,0.7768480651952011,235.14390685253565,-0.3990543072682492,0.6479644747038572,1.4766529597903308,1.7255631272259389
"20604112603","2112603","21126","Southbank","20604","Melbourne City","206","Melbourne - Inner","2GMEL","Greater Melbourne","2","Victoria",240.38781639403663,158077.8950032622,38,87434.67516781778,0.0,27298.78772402373,0.0,0.39579234678568753,156.5862064679077,0.3282406157850412,0.013619417548057847,-0.14510091181730977,0.19675912151578928
"20604112604","2112604","21126","Southbank","20604","Melbourne City","206","Melbourne - Inner","2GMEL","Greater Melbourne","2","Victoria",211.48663356964545,174951.9550029406,37,118200.1425548224,19680.328042269626,16757.117708293023,0.0,0.5111177367917611,235.98233905538166,-0.10155918418531186,0.6547347253735126,0.34571811726760177,0.8988936584558025
"20604112605","2112605","21126","Southbank","20604","Melbourne City","206","Melbourne - Inner","2GMEL","Greater Melbourne","2","Victoria",217.5346892054071,193072.65500235462,42,76905.83584812746,93864.87277322274,7524.393876683356,0.0,0.6016356581387919,206.30273004920068,-0.011616391246536049,0.41507504619237773,0.7309578139900172,1.134416468935859
"20604112606","2112606","21126","Southbank","20604","Melbourne City","206","Melbourne - Inner","2GMEL","Greater Melbourne","2","Victoria",145.08605701464865,96494.45500187855,14,28671.734151361277,0.0,48148.959991595635,12009.362617056257,0.6978886865325247,325.6208614357404,-1.0890258458324005,1.3785562390421673,1.1406058363397038,1.4301362295494706
"20604112607","2112607","21126","Southbank","20604","Melbourne City","206","Melbourne - Inner","2GMEL","Greater Melbourne","2","Victoria",162.87637273734305,233305.7850034479,38,81149.79664193763,0.0,79948.59182656596,50147.572780008035,0.7766260028560581,496.2285925693066,-0.8244597142147562,2.7561954829006914,1.4757078737022737,3.407443642388209
"20604112203","2112203","21122","Melbourne","20604","Melbourne City","206","Melbourne - Inner","2GMEL","Greater Melbourne","2","Victoria",272.55898715120827,289845.515004695,79,0.0,34409.7043672275,255435.81063739368,0.0,0.26283139168899006,205.48650107376747,0.8066695728371032,0.40848408421744303,-0.7109760142845696,0.5041776427699767
"20604111905","2111905","21119","East Melbourne","20604","Melbourne City","206","Melbourne - Inner","2GMEL","Greater Melbourne","2","Victoria",189.7081742266943,216121.42000273804,41,158676.71671275416,32627.245427699374,24749.79209605061,0.0,0.5484896830338699,78.52683838610585,-0.4254344223075098,-0.6167016593795642,0.504771230971352,-0.5373648507157219
"20604112608","2112608","21126","Southbank","20604","Melbourne City","206","Melbourne - Inner","2GMEL","Greater Melbourne","2","Victoria",170.0074973287297,99995.59000111907,17,42124.80662995508,0.0,48182.38585298527,9688.397518174723,0.679615813352999,394.69566002186053,-0.7184102164635785,1.9363278749556825,1.0628374119528956,2.2807550704449993
"20604112609","2112609","21126","Southbank","20604","Melbourne City","206","Melbourne - Inner","2GMEL","Greater Melbourne","2","Victoria",120.27595608745195,157970.06000255953,19,34806.32621774518,0.0,99411.15598109944,5545.26635648869,0.5168872067491094,291.2485119504875,-1.4579857074597262,1.1010031806908258,0.37027268970521604,0.01329016293631563
"20604112610","2112610","21126","Southbank","20604","Melbourne City","206","Melbourne - Inner","2GMEL","Greater Melbourne","2","Victoria",130.81825984067584,191104.82000332075,25,33029.7102471995,7718.332886135235,114133.60347172865,3591.578850586433,0.5743666941730599,187.16385326685418,-1.3012073474910704,0.26053065618409976,0.6149024820539433,-0.42577420925302745
"20604112611","2112611","21126","Southbank","20604","Melbourne City","206","Melbourne - Inner","2GMEL","Greater Melbourne","2","Victoria",182.18795237645458,192109.30000288697,35,42659.889542442164,17145.625406827166,109744.9301954715,18537.803725629896,0.791723063911674,294.5230231086765,-0.5372703242013901,1.1274445092636918,1.5399602022568342,2.130134387319136
"20604112619","2112619","21126","Southbank","20604","Melbourne City","206","Melbourne - Inner","2GMEL","Greater Melbourne","2","Victoria",320.9115397849809,264870.5000043072,85,49035.195138025185,0.0,66142.13161997317,113560.24133890335,0.7477281120617622,264.61683013745926,1.525737632311559,0.8859551887164299,1.3527199115413726,3.7644127325693617
"20604112620","2112620","21126","Southbank","20604","Melbourne City","206","Melbourne - Inner","2GMEL","Greater Melbourne","2","Victoria",288.64437874298926,239048.48000327084,69,44132.67430544994,0.0,45194.772876790594,103078.98755484358,0.730264552274443,318.1850127289967,1.0458811694904282,1.3185125533208857,1.2783958840334069,3.6427896068447208
"20604112621","2112621","21126","Southbank","20604","Melbourne City","206","Melbourne - Inner","2GMEL","Greater Melbourne","2","Victoria",394.1990145992547,253678.97000366845,100,50416.514708606934,0.0,65714.11910524045,97538.83016174752,0.7656074284564528,318.70653678696425,2.615621814799883,1.3227238044998253,1.4288133781499126,5.367158997449621
"20604112622","2112622","21126","Southbank","20604","Melbourne City","206","Melbourne - Inner","2GMEL","Greater Melbourne","2","Victoria",365.44987086137047,240799.10000401083,88,27469.986234590324,0.0,119793.78562311105,35203.11142746112,0.6339007617776438,145.2219715930954,2.1880830423232975,-0.07814556775445682,0.8682764637731335,2.978213938341974
"20604112623","2112623","21126","Southbank","20604","Melbourne City","206","Melbourne - Inner","2GMEL","Greater Melbourne","2","Victoria",258.34462289257215,259343.5050044015,67,37411.28375753846,8561.610039723106,122381.42879538407,64194.67042624415,0.7997297839910146,555.3163331192605,0.5952826911240279,3.2333226896907457,1.5740363980996543,5.402641778914428
"20604112624","2112624","21126","Southbank","20604","Melbourne City","206","Melbourne - Inner","2GMEL","Greater Melbourne","2","Victoria",270.4957043610938,214421.1500030842,58,0.0,214421.15000295275,0.0,0.0,0.0,0.1748241914775518,0.7759857584111736,-1.2493858224751677,-1.8295731287190609,-2.302973192783055
"20604111906","2111906","21119","East Melbourne","20604","Melbourne City","206","Melbourne - Inner","2GMEL","Greater Melbourne","2","Victoria",191.65200873372086,229582.77500306873,44,181278.05006066654,29933.720777155337,2053.1379455628203,0.0,0.3306893940773932,76.031467846301,-0.3965269659112823,-0.6368515105074258,-0.4221757869784787,-1.455554263397187
"20604112625","2112625","21126","Southbank","20604","Melbourne City","206","Melbourne - Inner","2GMEL","Greater Melbourne","2","Victoria",271.7777184352479,235486.56000380786,64,78720.15305724119,45122.595833901534,28365.85783172751,4544.075025054626,0.8052790352989164,164.4576357055872,0.7950510470527717,0.07718036962820171,1.5976537310993444,2.469885147780318
"20604112626","2112626","21126","Southbank","20604","Melbourne City","206","Melbourne - Inner","2GMEL","Greater Melbourne","2","Victoria",360.2163573520429,280387.0450038773,101,10112.393252784754,5982.174030486494,43216.106068792986,138714.47270786887,0.6053367094910427,103.02288046955125,2.110253595925942,-0.41889873058412463,0.7467093014223116,2.438064166764129
"20604112627","2112627","21126","Southbank","20604","Melbourne City","206","Melbourne - Inner","2GMEL","Greater Melbourne","2","Victoria",131.63288424707895,129147.06000128723,17,39626.036709203574,0.0,76457.12790138941,8542.896349882707,0.6115561409899342,363.96202853369005,-1.2890927773348781,1.6881570765805345,0.7731788874309543,1.1722431866766105
"20604112628","2112628","21126","Southbank","20604","Melbourne City","206","Melbourne - Inner","2GMEL","Greater Melbourne","2","Victoria",321.53796058155064,202153.4250028754,65,36417.43156787989,0.0,49408.98672217002,74482.5695880852,0.7614415923589456,430.3892214429123,1.5350533594462878,2.224549578860876,1.4110837903410383,5.170686728648202
"20604111907","2111907","21119","East Melbourne","20604","Melbourne City","206","Melbourne - Inner","2GMEL","Greater Melbourne","2","Victoria",184.7435244702049,211103.4750032056,39,109225.56834339314,82915.67412944048,16485.277415168006,0.0,0.6535981360177558,73.88891036648009,-0.4992654999221317,-0.6541524337821928,0.9521074926518982,-0.20131044105242624
"20604111908","2111908","21119","East Melbourne","20604","Melbourne City","206","Melbourne - Inner","2GMEL","Greater Melbourne","2","Victoria",211.1531639398042,241530.83500344396,51,140455.89358230133,66463.35232082824,9942.045291044851,0.0,0.566321596064706,76.95377324539737,-0.10651833001241628,-0.6294039927180765,0.5806629512600119,-0.15525937147048086
"20604111909","2111909","21119","East Melbourne","20604","Melbourne City","206","Melbourne - Inner","2GMEL","Greater Melbourne","2","Victoria",166.30188709028894,276605.4000038231,46,125922.84677777652,28734.074182788303,76201.61905927768,23895.56782192818,0.8493308083902474,64.73335531535317,-0.7735176682563747,-0.7280825649312027,1.7851358501454386,0.2835356169578611
"20604112301","2112301","21123","North Melbourne","20604","Melbourne City","206","Melbourne - Inner","2GMEL","Greater Melbourne","2","Victoria",183.62336643761006,179715.69000295206,33,0.0,42524.67377726524,132653.61475074338,0.0,0.39979247718653066,294.4536468219892,-0.5159237696292848,1.1268843031434965,-0.12807655907545942,0.4828839744387523
"20604112326","2112326","21123","North Melbourne","20604","Melbourne City","206","Melbourne - Inner","2GMEL","Greater Melbourne","2","Victoria",200.37756858801902,209604.3000020276,42,110855.73279698938,25771.208482238126,5269.0996939126735,61674.44324067052,0.7566782811512411,98.7267944092141,-0.26676605256756725,-0.453589167602366,1.3908113786711394,0.6704561585012061
"20604112327","2112327","21123","North Melbourne","20604","Melbourne City","206","Melbourne - Inner","2GMEL","Greater Melbourne","2","Victoria",296.4086170585497,249655.36000386506,74,42653.10696100548,0.0,158826.64732008873,0.0,0.3723591041066408,117.02632882999875,1.1613459272903648,-0.3058223776983601,-0.244831607888965,0.6106919417030396
"20604112618","2112618","21126","Southbank","20604","Melbourne City","206","Melbourne - Inner","2GMEL","Greater Melbourne","2","Victoria",321.3944189073984,245803.89500404435,79,53409.00512745127,0.0,68310.34126955087,105748.15153276938,0.7628738767825148,591.2449531183792,1.5329187000030082,3.5234424665589805,1.4171795204323276,6.473540686994316
"20604111701","2111701","21117","Carlton","20604","Melbourne City","206","Melbourne - Inner","2GMEL","Greater Melbourne","2","Victoria",202.06375674512398,163314.7900027664,33,127654.94479550561,767.4816969541207,11290.24618562415,0.0,0.22675316791753358,156.2561421559738,-0.24169014695361218,0.010954183410682846,-0.8645231105630375,-1.095259074105967
"20604112204","2112204","21122","Melbourne","20604","Melbourne City","206","Melbourne - Inner","2GMEL","Greater Melbourne","2","Victoria",248.5795405470865,253440.00500341418,63,0.0,50984.48664358528,202241.52970888777,0.0,0.362299851534429,229.66881980074342,0.4500626679752983,0.6037537303491036,-0.28764327824666225,0.7661731200777397
"20604111703","2111703","21117","Carlton","20604","Melbourne City","206","Melbourne - Inner","2GMEL","Greater Melbourne","2","Victoria",301.0128132273311,305634.83000479353,92,174904.68681706802,8165.543611046334,94369.88070539763,0.0,0.5492542990133988,96.59421599334823,1.229816571014207,-0.47080951099936247,0.5080253979217125,1.267032457936557
"20604111704","2111704","21117","Carlton","20604","Melbourne City","206","Melbourne - Inner","2GMEL","Greater Melbourne","2","Victoria",293.99343430678334,282319.23000494344,83,96246.92137717824,3615.196305911639,103977.4978472529,0.0,0.5548689364749795,97.34500594147234,1.1254288829981514,-0.4647469621948155,0.5319210110855757,1.1926029318889115
"20604111705","2111705","21117","Carlton","20604","Melbourne City","206","Melbourne - Inner","2GMEL","Greater Melbourne","2","Victoria",295.2980008311597,291231.2300047421,86,120103.61962777509,21247.849203248323,124402.38454326459,0.0,0.6609278513048585,90.18991053407223,1.1448295571723506,-0.5225235949493374,0.983302390327901,1.6056083525509142
"20604111706","2111706","21117","Carlton","20604","Melbourne City","206","Melbourne - Inner","2GMEL","Greater Melbourne","2","Victoria",218.03131139939688,270603.3350041264,59,0.0,23801.000834284816,208445.17790057597,0.0,0.23840681477240605,75.68159164915483,-0.004230945435041049,-0.639676723506145,-0.8149257787499329,-1.4588334476911191
"20604111707","2111707","21117","Carlton","20604","Melbourne City","206","Melbourne - Inner","2GMEL","Greater Melbourne","2","Victoria",277.6067966090751,205326.3850029839,57,0.0,4293.014061544556,194909.9806512243,0.0,0.07503115723606915,216.37720646951755,0.8817373480372458,0.49642536944994575,-1.51024431705161,-0.13208159956441845
"20604111708","2111708","21117","Carlton","20604","Melbourne City","206","Melbourne - Inner","2GMEL","Greater Melbourne","2","Victoria",246.5182928264042,247446.14000290685,61,0.0,31147.598885617917,201158.02764131085,0.0,0.2842615303858987,190.52398265431887,0.4194091177928842,0.28766334283233647,-0.6197704274851862,0.08730203314003449
"20604111709","2111709","21117","Carlton","20604","Melbourne City","206","Melbourne - Inner","2GMEL","Greater Melbourne","2","Victoria",243.76149582665803,262551.7200038485,64,0.0,69051.1127451068,182685.88967826977,0.0,0.42378274252913295,233.6423724890264,0.3784118061517219,0.6358397447667771,-0.025975202710435713,0.9882763482080633
"20604111710","2111710","21117","Carlton","20604","Melbourne City","206","Melbourne - Inner","2GMEL","Greater Melbourne","2","Victoria",291.001869403727,250857.49500365593,73,0.0,15418.048184901476,227698.2184542853,0.0,0.17043393740924703,206.51606724931997,1.0809402541159174,0.41679772134377024,-1.1042149081405765,0.393523067319111
"20604111711","2111711","21117","Carlton","20604","Melbourne City","206","Melbourne - Inner","2GMEL","Greater Melbourne","2","Victoria",185.0031636965598,172970.01500193833,32,145476.61779580414,0.0,27181.432739867974,0.0,0.3140619770223739,72.75496297061834,-0.4954043123634823,-0.6633089381365431,-0.49294123329263967,-1.6516544837926652
"20604111712","2111712","21117","Carlton","20604","Melbourne City","206","Melbourne - Inner","2GMEL","Greater Melbourne","2","Victoria",198.67560633006033,135899.92500209023,27,128936.25536211401,0.0,38.00054561279285,0.0,0.001940367794133891,85.90061274128583,-0.2920765404625602,-0.5571592174306665,-1.8213150214910319,-2.670550779384259
"20604112612","2112612","21126","Southbank","20604","Melbourne City","206","Melbourne - Inner","2GMEL","Greater Melbourne","2","Victoria",303.69050292941205,250254.78000431566,76,43533.1088403695,85973.50212276526,75649.87545779186,2106.767542128684,0.7987307210328846,252.00699811497338,1.269637449811105,0.7841321392144098,1.569784436661863,3.6235540256873775
"20604111713","2111713","21117","Carlton","20604","Melbourne City","206","Melbourne - Inner","2GMEL","Greater Melbourne","2","Victoria",220.90598227708207,262555.135004224,58,213183.64848716202,4998.989183421703,35319.499633666695,0.0,0.3590104247478564,80.50604745011098,0.03851931069520164,-0.6007197571512336,-0.3016429123389159,-0.8638433587949479
"20604111714","2111714","21117","Carlton","20604","Melbourne City","206","Melbourne - Inner","2GMEL","Greater Melbourne","2","Victoria",236.82040574665362,257579.1550043063,61,196191.67958538575,7955.160245507691,41735.95056516992,0.0,0.4271638216117755,95.3327544932112,0.27518837941209523,-0.480995678154032,-0.011585501079992216,-0.21739279982192897
"20604111715","2111715","21117","Carlton","20604","Melbourne City","206","Melbourne - Inner","2GMEL","Greater Melbourne","2","Victoria",253.75595057279358,303441.1600050791,77,234324.8631911398,38179.103031871695,30937.19378174804,0.0,0.5000400754037512,91.88946991266316,0.5270429080966746,-0.5087998341229207,0.2985721504799924,0.3168152244537463
"20604111716","2111716","21117","Carlton","20604","Melbourne City","206","Melbourne - Inner","2GMEL","Greater Melbourne","2","Victoria",241.40688763068303,277539.7200037645,67,176520.49429270095,67292.07013047875,24838.805383304465,0.0,0.6079890413080491,85.28046895725127,0.3433955876880082,-0.5621668123857397,0.7579974915352221,0.5392262668374905
"20604111717","2111717","21117","Carlton","20604","Melbourne City","206","Melbourne - Inner","2GMEL","Greater Melbourne","2","Victoria",207.2009093914408,284747.7850038684,59,203230.46037900416,66762.49682331679,13744.344452580199,0.0,0.5237884483632861,87.79228750168444,-0.16529371732579987,-0.5418841453736941,0.39964402509261177,-0.30753383760688224
"20604111724","2111724","21117","Carlton","20604","Melbourne City","206","Melbourne - Inner","2GMEL","Greater Melbourne","2","Victoria",225.06525323132922,231044.105002529,52,17009.30141908186,121782.47842150158,81674.55256336619,0.0,0.6444352566821635,131.80730032976476,0.10037331283137828,-0.18646760833863946,0.9131107414691727,0.8270164459619115
"20604111725","2111725","21117","Carlton","20604","Melbourne City","206","Melbourne - Inner","2GMEL","Greater Melbourne","2","Victoria",265.0865650256984,222568.80500254824,59,27830.93421231612,42432.30018637981,138768.94997898926,0.0,0.6233306079754543,103.3698866790573,0.6955445177017228,-0.416096692429688,0.8232904236115037,1.1027382488835384
"20604111726","2111726","21117","Carlton","20604","Melbourne City","206","Melbourne - Inner","2GMEL","Greater Melbourne","2","Victoria",254.85665976679272,262892.8750039671,67,19637.454406195146,27399.390553457593,199748.1794393349,0.0,0.44477952851443137,144.51004317822225,0.5434119471869051,-0.08389431382024556,0.06338605685838175,0.5229036902250412
"20604111727","2111727","21117","Carlton","20604","Melbourne City","206","Melbourne - Inner","2GMEL","Greater Melbourne","2","Victoria",295.91253609254727,270350.1550031656,80,8021.074139318895,27807.436764903483,211933.49084097228,0.0,0.3535613852552593,163.52002422257073,1.1539685302733476,0.06960925684267015,-0.3248337489193166,0.898744038196701
"20604112613","2112613","21126","Southbank","20604","Melbourne City","206","Melbourne - Inner","2GMEL","Greater Melbourne","2","Victoria",335.4953984769271,238453.3450031858,80,57455.24376203463,0.0,48981.723795741374,76240.22023552726,0.780091395906006,533.4606554824763,1.7426193975555881,3.0568404223661605,1.4904564113147063,6.289916231236456
"20604111728","2111728","21117","Carlton","20604","Melbourne City","206","Melbourne - Inner","2GMEL","Greater Melbourne","2","Victoria",279.5776775381208,211032.58500298287,59,10849.556570952962,22341.884334422673,145154.61488398025,0.0,0.4314653604829337,139.0357524913665,0.9110470214238422,-0.12809862761302143,0.006721630872491814,0.7896700246833126
"20604111729","2111729","21117","Carlton","20604","Melbourne City","206","Melbourne - Inner","2GMEL","Greater Melbourne","2","Victoria",250.0085710623083,271990.67500390904,68,25189.12976348825,25621.706461267855,134352.6273540199,0.0,0.5610595582092999,144.33450124096984,0.47131429055856183,-0.08531179625257763,0.5582679841928079,0.9442704784987921
"20604111730","2111730","21117","Carlton","20604","Melbourne City","206","Melbourne - Inner","2GMEL","Greater Melbourne","2","Victoria",277.5219231174889,270248.92000423605,75,3186.2196863368154,27966.746765152784,238706.54097858016,0.0,0.28554185569998236,179.5738999581193,0.8804751640661539,0.19924259222771915,-0.6143214276809081,0.465396328612965
"20604111731","2111731","21117","Carlton","20604","Melbourne City","206","Melbourne - Inner","2GMEL","Greater Melbourne","2","Victoria",269.8883017809142,263071.79500368005,71,0.0,6067.592839656147,229028.34465505477,0.0,0.08645884676910054,245.51480359800416,0.7669528579569289,0.7317083604916397,-1.4616086481759971,0.03705257027257147
"20604111732","2111732","21117","Carlton","20604","Melbourne City","206","Melbourne - Inner","2GMEL","Greater Melbourne","2","Victoria",240.65917234535064,261781.0050040136,63,44398.852896398676,5433.699990494781,92308.74404784947,0.0,0.5544167465178947,99.75690819228956,0.33227604694037427,-0.44527110860366026,0.5299965134906697,0.4170014518273837
"20604111801","2111801","21118","Docklands","20604","Melbourne City","206","Melbourne - Inner","2GMEL","Greater Melbourne","2","Victoria",294.1492866405236,142784.64000263822,42,45789.09498966506,0.0,74063.51872516508,0.0,0.4797367824417845,128.12716263027355,1.127746618651861,-0.21618432799686624,0.21216236215589332,1.123724652810888
"20604111802","2111802","21118","Docklands","20604","Melbourne City","206","Melbourne - Inner","2GMEL","Greater Melbourne","2","Victoria",294.8851859397034,98343.36000157625,29,43472.1603558909,0.0,45030.63211784151,0.0,0.49988815388016095,143.0085425581173,1.1386904396541924,-0.09601877128293257,0.2979255801566514,1.3405972485279112
"20604111803","2111803","21118","Docklands","20604","Melbourne City","206","Melbourne - Inner","2GMEL","Greater Melbourne","2","Victoria",120.77238330659615,273241.2750042804,33,13089.468393770163,0.0,257072.73960900432,0.0,0.13988878070547414,110.6101748254485,-1.4506031611887151,-0.35763213738849053,-1.234213550727458,-3.0424488493046637
"20604111804","2111804","21118","Docklands","20604","Melbourne City","206","Melbourne - Inner","2GMEL","Greater Melbourne","2","Victoria",157.06684052900795,210101.63500363647,33,6225.614957440528,30596.891061573922,173279.12898443826,0.0,0.3922472453994159,375.62112951031565,-0.9108553401735822,1.7823030742254709,-0.16018868407913153,0.7112590499727571
"20604111805","2111805","21118","Docklands","20604","Melbourne City","206","Melbourne - Inner","2GMEL","Greater Melbourne","2","Victoria",190.88863786315238,141443.72500240814,27,58474.92940784816,0.0,73005.30713163878,9963.48846294597,0.6444605079986134,169.23027340798325,-0.4078793264519252,0.11571891036052137,0.9132182097952924,0.6210577937038886
"20604112614","2112614","21126","Southbank","20604","Melbourne City","206","Melbourne - Inner","2GMEL","Greater Melbourne","2","Victoria",259.22443997211604,243032.64000407027,63,69605.23778693873,0.0,74024.73153336358,65498.32869115216,0.7915816436662679,509.33457197501707,0.6083667647792879,2.8620248696379957,1.5393583248425067,5.00974995925979
"20604111809","2111809","21118","Docklands","20604","Melbourne City","206","Melbourne - Inner","2GMEL","Greater Melbourne","2","Victoria",142.68452289260884,126152.43500199146,18,619.9386621797457,0.0,125532.49633977877,0.0,0.022379209325476497,96.32619748466745,-1.1247399164829477,-0.47297373188891884,-1.734328345308921,-3.3320419936807877
"20604111810","2111810","21118","Docklands","20604","Melbourne City","206","Melbourne - Inner","2GMEL","Greater Melbourne","2","Victoria",126.89498090816308,118207.9850018328,15,44223.81102260988,0.0,73984.173979305,0.0,0.47689104106899693,73.44836940622908,-1.3595518280843975,-0.6577097550790441,0.20005103075224656,-1.817210552411195
"20604111811","2111811","21118","Docklands","20604","Melbourne City","206","Melbourne - Inner","2GMEL","Greater Melbourne","2","Victoria",126.11816363663921,118936.0800020583,15,19674.409665006096,0.0,99261.6703370235,0.0,0.3235598640955907,78.48207137874856,-1.371104154850508,-0.6170631481922677,-0.45251870611637,-2.440686009159146
"20604111812","2111812","21118","Docklands","20604","Melbourne City","206","Melbourne - Inner","2GMEL","Greater Melbourne","2","Victoria",167.8989422949875,178678.91000344692,30,70869.02660646476,0.0,86375.60476995667,21434.278626999818,0.7015509665109967,167.8072911991985,-0.7497672905748858,0.10422848069998251,1.1561923147654527,0.5106535048905494
"20604111813","2111813","21118","Docklands","20604","Melbourne City","206","Melbourne - Inner","2GMEL","Greater Melbourne","2","Victoria",19.588043849417325,51051.55000098422,1,12732.309247488156,0.0,38319.240753514576,0.0,0.4051637007146209,58.109724380418385,-2.955351569690708,-0.7815676787192624,-0.10521690330567242,-3.8421361517156427
"20604111814","2111814","21118","Docklands","20604","Melbourne City","206","Melbourne - Inner","2GMEL","Greater Melbourne","2","Victoria",220.75461991265792,104188.08000077191,23,0.0,0.0,103602.3036193637,0.0,0.0,8.463499890520513,0.03626834697694027,-1.1824556496937333,-1.8295731287190609,-2.975760431435854
"20604111901","2111901","21119","East Melbourne","20604","Melbourne City","206","Melbourne - Inner","2GMEL","Greater Melbourne","2","Victoria",206.7418299766326,237010.5750033185,49,105191.23749841205,106441.58609293774,24674.304498795886,0.0,0.6892008302092165,71.57936050742514,-0.1721208510750992,-0.6728018027195893,1.1036307590803878,0.2587081052856992
"20604111902","2111902","21119","East Melbourne","20604","Melbourne City","206","Melbourne - Inner","2GMEL","Greater Melbourne","2","Victoria",192.51218915232874,223362.48000367123,43,165666.79765191217,29913.438857304864,23921.082477280986,0.0,0.5233687981895155,79.0281136437924,-0.38373491604597126,-0.612653915104578,0.3978580151702995,-0.5985308159802498
"20604111903","2111903","21119","East Melbourne","20604","Melbourne City","206","Melbourne - Inner","2GMEL","Greater Melbourne","2","Victoria",169.98278074263695,200020.2600019694,34,146012.83751192334,23399.324136797804,15517.659998243907,0.0,0.4732494229206162,57.582694669338885,-0.7187777856327423,-0.7858233874602346,0.18455248803071678,-1.3200486850622601
"20604111904","2111904","21119","East Melbourne","20604","Melbourne City","206","Melbourne - Inner","2GMEL","Greater Melbourne","2","Victoria",138.00497906412596,195645.11500309035,27,112648.36540173985,26787.485345860692,34821.67510939046,8727.618382795183,0.7507872801195108,70.11665622074251,-1.1943310821336846,-0.6846129839251848,1.3657395761254916,-0.5132044899333776
"20604112615","2112615","21126","Southbank","20604","Melbourne City","206","Melbourne - Inner","2GMEL","Greater Melbourne","2","Victoria",259.14085402185003,239252.12500369526,62,60399.90210163355,0.0,71846.06404317555,90032.15231352522,0.7827811288421853,530.9535914560738,0.6071237282944854,3.036596147580429,1.501903778699839,5.145623654574753
"20604111910","2111910","21119","East Melbourne","20604","Melbourne City","206","Melbourne - Inner","2GMEL","Greater Melbourne","2","Victoria",235.9049581101389,241622.73000378374,57,0.0,46786.75089618642,163479.3852011373,0.0,0.3823639970387597,31.724808126329815,0.2615744310333008,-0.9946230651079134,-0.20225128941111323,-0.9352999234857259
"20604111911","2111911","21119","East Melbourne","20604","Melbourne City","206","Melbourne - Inner","2GMEL","Greater Melbourne","2","Victoria",142.9271932987548,132934.8150025243,19,0.0,132934.81500269004,0.0,0.0,0.0,2.5198882504699185,-1.1211310783030712,-1.2304496801587281,-1.8295731287190609,-4.1811538871808605
"20604111912","2111912","21119","East Melbourne","20604","Melbourne City","206","Melbourne - Inner","2GMEL","Greater Melbourne","2","Victoria",214.08459491242695,130789.42000218946,28,2705.636871043278,74669.58273495673,53414.20039611902,0.0,0.5525244717534389,82.09667434445409,-0.06292397426179824,-0.5878756145240257,0.5219430877653962,-0.12885650102042778
"20604111913","2111913","21119","East Melbourne","20604","Melbourne City","206","Melbourne - Inner","2GMEL","Greater Melbourne","2","Victoria",180.090858837275,299848.64500420244,54,11104.223784106964,264884.620887789,17886.820479058908,0.0,0.2797115872974997,35.267938527045864,-0.5684569503382908,-0.9660126647837147,-0.6391347552270824,-2.173604370349088
"20604111914","2111914","21119","East Melbourne","20604","Melbourne City","206","Melbourne - Inner","2GMEL","Greater Melbourne","2","Victoria",193.1218068325613,181232.7700017087,35,12821.475641438301,109053.12810080581,59358.1662594694,0.0,0.6193555004916758,81.84644691203304,-0.3746690740486251,-0.5898961743691321,0.8063725671395371,-0.15819268127822006
"20604111915","2111915","21119","East Melbourne","20604","Melbourne City","206","Melbourne - Inner","2GMEL","Greater Melbourne","2","Victoria",195.04492808303996,292240.3600042979,57,74974.74725357069,80236.04563589109,106959.74598598681,849.4773099175654,0.7966364019377646,73.62888489303461,-0.3460696518797549,-0.6562521117642002,1.5608711204805208,0.5585493568365658
"20604112101","2112101","21121","Kensington","20604","Melbourne City","206","Melbourne - Inner","2GMEL","Greater Melbourne","2","Victoria",95.94036960523881,104231.41000130097,10,75832.11105836963,0.0,333.285566498409,13556.259741685586,0.3235118064468288,78.31185987248836,-1.8198888954977321,-0.6184375879625074,-0.45272323703973527,-2.8910497204999746
"20604112112","2112112","21121","Kensington","20604","Melbourne City","206","Melbourne - Inner","2GMEL","Greater Melbourne","2","Victoria",230.94332015397018,121241.87000226881,28,106153.19713536327,4653.569012881257,9659.03534169477,0.0,0.31701776237290774,75.5933821036834,0.18778814297567534,-0.6403890061835885,-0.4803615602834607,-0.9329624234913738
"20604112102","2112102","21121","Kensington","20604","Melbourne City","206","Melbourne - Inner","2GMEL","Greater Melbourne","2","Victoria",171.55793249946245,134065.50000287552,23,4765.869525163551,0.0,0.0,114564.48258092481,0.12100496102725512,31.651637519616955,-0.695353141938395,-0.9952139099578791,-1.3145821325236255,-3.0051491844198996
"20604112616","2112616","21126","Southbank","20604","Melbourne City","206","Melbourne - Inner","2GMEL","Greater Melbourne","2","Victoria",373.90665078035795,219306.0750025782,82,45390.59312267165,0.0,31414.93277308828,92559.92130504316,0.7181738043262571,558.9354478264278,2.3138468333646314,3.2625466551903854,1.2269382720667232,6.80333176062174
"20604112103","2112103","21121","Kensington","20604","Melbourne City","206","Melbourne - Inner","2GMEL","Greater Melbourne","2","Victoria",171.19891024625392,198599.39500253898,34,123894.67506938546,0.0,1813.1006826430093,69827.23834160792,0.5051215810926395,50.94219778707115,-0.7006922899432202,-0.8394446919752697,0.3201987817740922,-1.219938200144398
"20604112104","2112104","21121","Kensington","20604","Melbourne City","206","Melbourne - Inner","2GMEL","Greater Melbourne","2","Victoria",161.27348166142323,229423.95500382152,37,145357.33000897753,2000.406577412039,1698.3249402768924,80367.89347710556,0.5296614469284079,107.55559903522533,-0.8482968792190612,-0.3822975113079007,0.42463921005056726,-0.8059551804763946
"20604112105","2112105","21121","Kensington","20604","Melbourne City","206","Melbourne - Inner","2GMEL","Greater Melbourne","2","Victoria",152.22624473151095,249628.4400040381,38,194195.1896695219,0.0,30778.150607613403,24655.099726914337,0.4920106690641123,79.08325668229118,-0.9828415671091011,-0.6122086409463862,0.26439940306034576,-1.3306508049951413
"20604112106","2112106","21121","Kensington","20604","Melbourne City","206","Melbourne - Inner","2GMEL","Greater Melbourne","2","Victoria",212.88892144458092,159707.70000284328,34,75201.96900562872,72605.44087206297,11845.2604011402,55.02972401223815,0.6554966757057266,88.93272348532388,-0.08070526094589817,-0.5326752463646564,0.9601875815749001,0.34680707426434565
"20604112107","2112107","21121","Kensington","20604","Melbourne City","206","Melbourne - Inner","2GMEL","Greater Melbourne","2","Victoria",232.82643138456726,158916.6650022044,37,125017.46272403304,8044.782585470704,25854.41969265225,0.0,0.4582026209801986,75.94940664255749,0.21579256186573853,-0.6375141459807668,0.12051405972937045,-0.30120752438565784
"20604112108","2112108","21121","Kensington","20604","Melbourne City","206","Melbourne - Inner","2GMEL","Greater Melbourne","2","Victoria",111.59379145530889,179221.44000286615,20,121100.87454443955,20701.652420903323,0.0,30292.66298101793,0.5827237107503573,93.47643567916565,-1.58710127497399,-0.49598525471278687,0.6504695220812924,-1.4326170076054845
"20604112109","2112109","21121","Kensington","20604","Melbourne City","206","Melbourne - Inner","2GMEL","Greater Melbourne","2","Victoria",134.01888459923975,171617.60500229138,23,118716.7325852396,4287.410170524919,14681.526949813415,16955.670290060632,0.5541866861904972,73.09462965128648,-1.2536097149177086,-0.6605661658951535,0.5290173883689745,-1.3851584924438876
"20604112110","2112110","21121","Kensington","20604","Melbourne City","206","Melbourne - Inner","2GMEL","Greater Melbourne","2","Victoria",183.79163132786934,190433.04500389815,35,145431.51862605588,0.0,19719.192726162124,13441.005538476184,0.4365918745073952,70.53423296055487,-0.5134214424195334,-0.6812410962606238,0.028539815367197116,-1.1661227233129599
"20604112111","2112111","21121","Kensington","20604","Melbourne City","206","Melbourne - Inner","2GMEL","Greater Melbourne","2","Victoria",111.69720525654148,188008.2850038018,21,130904.84727200127,24877.843580888584,16593.406413742487,4827.079626048621,0.590968574779047,77.59063692341103,-1.585563371444089,-0.6242613864012924,0.6855592465321304,-1.524265511313251
"20604112113","2112113","21121","Kensington","20604","Melbourne City","206","Melbourne - Inner","2GMEL","Greater Melbourne","2","Victoria",175.52840394393706,210792.0950037102,37,179785.4134374181,3173.3204340637385,17981.146517637615,0.0,0.2748548597287918,60.89776437817951,-0.636306844664258,-0.7590545529139847,-0.659804742206338,-2.0551661397845806
"20604112617","2112617","21126","Southbank","20604","Melbourne City","206","Melbourne - Inner","2GMEL","Greater Melbourne","2","Victoria",312.1728090038301,243454.90000401525,76,54898.949449837615,0.0,68132.72128054418,103395.19676587381,0.7666929641239775,591.2449531183792,1.3957808494160302,3.5234424665589805,1.4334333630668805,6.352656679041891
"20604112114","2112114","21121","Kensington","20604","Melbourne City","206","Melbourne - Inner","2GMEL","Greater Melbourne","2","Victoria",198.93098651178587,216155.36500369397,43,172637.42296983793,0.0,22699.69430526829,5885.966080648428,0.34690997578003147,57.787385014549535,-0.2882786906759627,-0.7841705347405629,-0.3531418113547056,-1.4255910367712312
"20604112115","2112115","21121","Kensington","20604","Melbourne City","206","Melbourne - Inner","2GMEL","Greater Melbourne","2","Victoria",189.87312930344487,237000.36000398698,45,220953.6311925726,2240.0781888985075,5068.06717593327,0.0,0.11643608612660436,61.4158611482042,-0.4229813165151871,-0.7548709767198698,-1.3340270331012842,-2.511879326336341
"20604112116","2112116","21121","Kensington","20604","Melbourne City","206","Melbourne - Inner","2GMEL","Greater Melbourne","2","Victoria",225.65070167128493,155106.98500280315,35,114486.3036562153,10188.375553166727,24669.198754568963,0.0,0.493674075072883,77.74618919833841,0.10907972543444865,-0.6230053183615405,0.27147877493288713,-0.2424468179942047
"20604112117","2112117","21121","Kensington","20604","Melbourne City","206","Melbourne - Inner","2GMEL","Greater Melbourne","2","Victoria",254.33570850691254,172999.6950027335,44,157927.16105961957,3633.9893088286626,6315.518205165161,0.0,0.19032499698791303,70.03142545122108,0.5356646951574193,-0.6853012133043391,-1.0195595642535382,-1.169196082400458
"20604112118","2112118","21121","Kensington","20604","Melbourne City","206","Melbourne - Inner","2GMEL","Greater Melbourne","2","Victoria",279.9845252015843,203582.68000333564,57,153082.77234658244,33754.56749568878,16745.340161008062,0.0,0.5177683484053226,80.20691607042569,0.9170973981657742,-0.6031352111578365,0.3740227840440782,0.6879849710520158
"20604112119","2112119","21121","Kensington","20604","Melbourne City","206","Melbourne - Inner","2GMEL","Greater Melbourne","2","Victoria",243.36568810473358,168470.75000299735,41,110418.36197940726,26008.804952219652,32043.583071344496,0.0,0.635515818303338,74.27088913661842,0.37252560831879855,-0.6510679959283688,0.8751500626902216,0.5966076750806513
"20604112120","2112120","21121","Kensington","20604","Melbourne City","206","Melbourne - Inner","2GMEL","Greater Melbourne","2","Victoria",273.8799181443318,175259.2900027979,48,97498.4349537298,41242.98415133862,36517.87089772723,0.0,0.7166697485992524,75.46421741914146,0.826313608863891,-0.6414319972436259,1.2205370869367256,1.4054186985569908
"20604112121","2112121","21121","Kensington","20604","Melbourne City","206","Melbourne - Inner","2GMEL","Greater Melbourne","2","Victoria",333.1067786593021,198134.66500333234,66,156471.2760801005,4925.367748429766,36738.02117476464,0.0,0.42612273225384706,73.7279936609411,1.707097380133034,-0.6554518190273396,-0.016016324750496774,1.0356292363551978
"20604112122","2112122","21121","Kensington","20604","Melbourne City","206","Melbourne - Inner","2GMEL","Greater Melbourne","2","Victoria",317.0690897308641,261772.60000478884,83,211981.14201673615,3905.9549900008715,45885.50299785127,0.0,0.38868014036267007,76.49884663588931,1.468595186803699,-0.6330774765993149,-0.1753701027648805,0.6601476074395036
"20604112123","2112123","21121","Kensington","20604","Melbourne City","206","Melbourne - Inner","2GMEL","Greater Melbourne","2","Victoria",346.7325324191936,89406.09000173523,31,68369.7300525329,0.0,21036.359949156817,0.0,0.3935598019817552,76.3828404304815,1.9097308251387581,-0.6340142143429041,-0.15460250962675065,1.1211141011691033
